variavel,returned,n,media_sales,media_returned
sales,-0.2688929934625578,2477,500.39972143721997,0.17561566410981025
