hour,gender,total_vendas,total_acessos
9,Female,102969.93000000008,346
9,Male,70033.02000000006,346
10,Male,278037.27999999997,1391
10,Female,407952.25999999954,1391
10,Unknown,0.0,1391
11,Female,243741.14000000004,740
11,Male,136756.48000000007,740
11,Unknown,0.0,740
